from,to
NCSS,WSS
NCSS,SoilWeb
NCSS,SDA
SoilWeb GE,SoilWeb
SEE,SoilWeb
CA Gridded,SoilWeb
SAGBI,SoilWeb
SDE,SoilWeb
SoilWeb,SeriesTree
NCSS,NASIS
NCSS,SSURGO
NCSS,STATSGO
NCSS,Soil Climate
SCAN,Soil Climate
SNOTEL,Soil Climate
Henry,Soil Climate
Henry,SoilWeb
NCSS,Block Diagrams
SoilWeb,Block Diagrams
SoilWeb,iPhone App
SoilWeb,Android App
NCSS-Tech,aqp
NCSS-Tech,soilDB
NCSS-Tech,sharpshootR
NCSS,NCSS-Tech,
SoilWeb,aqp
SDA,soilDB
SoilWeb,soilDB
soilDB,fetchKSSL()
soilDB,fetchNASIS()
soilDB,fetchHenry(),
SDA,SSURGO
SDA,STATSGO
fetchSDA(),soilDB
SoilWeb,sharpshootR
NCSS,KSSL
WSS,SSURGO
